媒体ID,媒体名称,媒体时长(s),媒体大小(bytes),分类,创建时间,最近更新,流畅_MP4,标清_MP4,高清_MP4,超清_MP4
b00c432b25b871f099424531959c0102,2025-壁报视频-20250221190113091054,217.736,"5,736,579",未分类,2025-04-30 19:42:18,2025-04-30 19:42:38,https://vod.mr-gut.cn/b00c432b25b871f099424531959c0102/c5d005c39a024492889187fb8d6a3f23-2783fa49d510524952529b54b864c27d-fd.mp4,https://vod.mr-gut.cn/b00c432b25b871f099424531959c0102/c5d005c39a024492889187fb8d6a3f23-db8409f1f4d4fd1462aea97ce56b7781-ld.mp4,https://vod.mr-gut.cn/b00c432b25b871f099424531959c0102/c5d005c39a024492889187fb8d6a3f23-e888bab1a56b4b59cc1e0cf1ef62cd51-sd.mp4,https://vod.mr-gut.cn/b00c432b25b871f099424531959c0102/c5d005c39a024492889187fb8d6a3f23-a11573fec80f5b10c13271b710fb25e7-hd.mp4
d0cacb9f25a571f0aea64531949c0102,2025-壁报视频-20250428141711080077,21.27,"5,038,478",未分类,2025-04-30 17:29:33,2025-04-30 17:29:53,https://vod.mr-gut.cn/d0cacb9f25a571f0aea64531949c0102/73f0f0048e804a02a923ec76b13b79c4-3819ae9b468c370baf11e4a08de2389d-fd.mp4,https://vod.mr-gut.cn/d0cacb9f25a571f0aea64531949c0102/73f0f0048e804a02a923ec76b13b79c4-350edeac0cf5347525ee1dba8421e4a3-ld.mp4,https://vod.mr-gut.cn/d0cacb9f25a571f0aea64531949c0102/73f0f0048e804a02a923ec76b13b79c4-ec03bf38d5d9ee2c82e11931505f1c1d-sd.mp4,https://vod.mr-gut.cn/d0cacb9f25a571f0aea64531949c0102/73f0f0048e804a02a923ec76b13b79c4-d3db9f70b4f922ab2ebc122d53768eb8-hd.mp4
2041ce3f259271f0802a6733a78e0102,2025-壁报视频-20250105150825075038,191.999,"81,419,008",未分类,2025-04-30 15:10:51,2025-04-30 15:12:00,https://vod.mr-gut.cn/2041ce3f259271f0802a6733a78e0102/e7807efa25df4d1ea92252a1e708a66d-e7abd6fa2fe246f6744177e3a9f66089-fd.mp4,https://vod.mr-gut.cn/2041ce3f259271f0802a6733a78e0102/e7807efa25df4d1ea92252a1e708a66d-841d08ad8871ebc3beacab9c507f3dd3-ld.mp4,https://vod.mr-gut.cn/2041ce3f259271f0802a6733a78e0102/e7807efa25df4d1ea92252a1e708a66d-5cf916c2866cfcb8685d5d03ccee6c5b-sd.mp4,https://vod.mr-gut.cn/2041ce3f259271f0802a6733a78e0102/e7807efa25df4d1ea92252a1e708a66d-b0e9bc1520a04fa1ec2963d8f3ce6815-hd.mp4
20442ad0258e71f0bf426632b68f0102,2025-壁报视频-20250105152153067063,213.792,"135,849,856",未分类,2025-04-30 14:46:15,2025-04-30 14:47:33,https://vod.mr-gut.cn/20442ad0258e71f0bf426632b68f0102/56f71ddb5041405b8e81634b9c83af6c-3368e2f052aa9be89f80485dee186554-fd.mp4,https://vod.mr-gut.cn/20442ad0258e71f0bf426632b68f0102/56f71ddb5041405b8e81634b9c83af6c-601820b6a115e023d82273c70454edf5-ld.mp4,https://vod.mr-gut.cn/20442ad0258e71f0bf426632b68f0102/56f71ddb5041405b8e81634b9c83af6c-e2fc477fac599b39ff4f04b32ee1515e-sd.mp4,https://vod.mr-gut.cn/20442ad0258e71f0bf426632b68f0102/56f71ddb5041405b8e81634b9c83af6c-52004177c868530679017faa8ed539f4-hd.mp4
509df9f5250b71f0800b6723a78f0102,2025-壁报视频-20250225210251092063,190.507,"117,439,696",未分类,2025-04-29 23:09:35,2025-04-29 23:11:26,https://vod.mr-gut.cn/509df9f5250b71f0800b6723a78f0102/4e69d2b6aa83467f9f6c59ebc627599f-97fb69aab71fdc79276a312b343ad682-fd.mp4,https://vod.mr-gut.cn/509df9f5250b71f0800b6723a78f0102/4e69d2b6aa83467f9f6c59ebc627599f-878137bd41d736813d6fcdafb387ec4d-ld.mp4,https://vod.mr-gut.cn/509df9f5250b71f0800b6723a78f0102/4e69d2b6aa83467f9f6c59ebc627599f-23f507c600a92bd28c3d69b32de9311d-sd.mp4,https://vod.mr-gut.cn/509df9f5250b71f0800b6723a78f0102/4e69d2b6aa83467f9f6c59ebc627599f-b5354aff8f285830657c75038f497834-hd.mp4
b0e176dc250871f0aea04531949c0102,2025-壁报视频-20250225000031095042,273.301,"170,172,096",未分类,2025-04-29 22:47:23,2025-04-29 22:50:06,https://vod.mr-gut.cn/b0e176dc250871f0aea04531949c0102/1841ab3d0cce4e12948ef768f16f4f97-c39439c6a236cd9877a586e0567bbd88-fd.mp4,https://vod.mr-gut.cn/b0e176dc250871f0aea04531949c0102/1841ab3d0cce4e12948ef768f16f4f97-534e65ce911d4105c25af17223322ac6-ld.mp4,https://vod.mr-gut.cn/b0e176dc250871f0aea04531949c0102/1841ab3d0cce4e12948ef768f16f4f97-9337f822153f32a841a932a8d4b3c38b-sd.mp4,https://vod.mr-gut.cn/b0e176dc250871f0aea04531949c0102/1841ab3d0cce4e12948ef768f16f4f97-0e2e5c5bbe6345816e5205c847edc43c-hd.mp4
603a7119240671f0a89d4531859c0102,2025-壁报视频-20250428141711080077,21.27,"5,038,478",未分类,2025-04-28 15:55:06,2025-04-28 15:55:25,https://vod.mr-gut.cn/603a7119240671f0a89d4531859c0102/618c2b42e7b24c69bd1912a047471fdd-ccd47bd0fc31bab1caa41f983e4a75b4-fd.mp4,https://vod.mr-gut.cn/603a7119240671f0a89d4531859c0102/618c2b42e7b24c69bd1912a047471fdd-202a19a7b25dfb2f0eb0ca75f55bd8ee-ld.mp4,https://vod.mr-gut.cn/603a7119240671f0a89d4531859c0102/618c2b42e7b24c69bd1912a047471fdd-de19bf97c1abd1c3e701c669f55acaab-sd.mp4,https://vod.mr-gut.cn/603a7119240671f0a89d4531859c0102/618c2b42e7b24c69bd1912a047471fdd-e6e03060aeb08d1e617d74df6453812b-hd.mp4
e0c02fac237271f0944d5017f0f80102,2025-壁报视频-20250220155956097076,207.402,"255,870,272",未分类,2025-04-27 22:19:47,2025-04-27 22:21:16,https://vod.mr-gut.cn/e0c02fac237271f0944d5017f0f80102/d99b7121be294ace9fe7fa4a6bfb5fa1-ecdfc578841368cb747f87951af4b8c1-fd.mp4,https://vod.mr-gut.cn/e0c02fac237271f0944d5017f0f80102/d99b7121be294ace9fe7fa4a6bfb5fa1-6df23d066488ac68c224f92132cae815-ld.mp4,https://vod.mr-gut.cn/e0c02fac237271f0944d5017f0f80102/d99b7121be294ace9fe7fa4a6bfb5fa1-7039d884150e7d06a7d81bc8ecfcb02f-sd.mp4,https://vod.mr-gut.cn/e0c02fac237271f0944d5017f0f80102/d99b7121be294ace9fe7fa4a6bfb5fa1-d13f09440cf02333af8ec5072148ed03-hd.mp4
0045c392237271f0835a4531959d0102,2025-壁报视频-20250220155956097076,207.402,"255,870,272",未分类,2025-04-27 22:19:04,2025-04-27 22:19:40,https://vod.mr-gut.cn/0045c392237271f0835a4531959d0102/8541211310e54ec090c6a9b0cd5ea692-abbe05bdb24aa9749bdd5ff00ab53a9d-fd.mp4,https://vod.mr-gut.cn/0045c392237271f0835a4531959d0102/8541211310e54ec090c6a9b0cd5ea692-ae3b0b9ef75342f69687409de8802779-ld.mp4,https://vod.mr-gut.cn/0045c392237271f0835a4531959d0102/8541211310e54ec090c6a9b0cd5ea692-7fb0f537a58521cf372cc9330fa0ebb7-sd.mp4,https://vod.mr-gut.cn/0045c392237271f0835a4531959d0102/8541211310e54ec090c6a9b0cd5ea692-7037652f360b9e341d16bb95a4a781fd-hd.mp4
004bb3f5212571f094415017f0f80102,2025-壁报视频-20250107153820064079,267.76,"8,575,349",未分类,2025-04-25 00:05:36,2025-04-25 00:06:11,https://vod.mr-gut.cn/004bb3f5212571f094415017f0f80102/9392c74259c44728be34a102fb18a702-03d2aa0908e45d7f1159b6f822b75c26-fd.mp4,https://vod.mr-gut.cn/004bb3f5212571f094415017f0f80102/9392c74259c44728be34a102fb18a702-cf5a55b913521f4208ba407cb5f566bc-ld.mp4,https://vod.mr-gut.cn/004bb3f5212571f094415017f0f80102/9392c74259c44728be34a102fb18a702-b05ca767b7075d0de7f02d1aa1289ef9-sd.mp4,https://vod.mr-gut.cn/004bb3f5212571f094415017f0f80102/9392c74259c44728be34a102fb18a702-6c420ca1cbb1a6105a3d3f8ecc4f7b89-hd.mp4
a0eb3ab5211671f0a7876732b68e0102,2025-壁报视频-20250107160430070089,192.68,"11,951,464",未分类,2025-04-24 22:16:26,2025-04-24 22:17:08,https://vod.mr-gut.cn/a0eb3ab5211671f0a7876732b68e0102/682826f06d2c4484ba0f5d727346c5b5-4bc91e191ad60e74e1212d8ba8c2de82-fd.mp4,https://vod.mr-gut.cn/a0eb3ab5211671f0a7876732b68e0102/682826f06d2c4484ba0f5d727346c5b5-79df1eb2e45878a9be4174ebdd4dcc23-ld.mp4,https://vod.mr-gut.cn/a0eb3ab5211671f0a7876732b68e0102/682826f06d2c4484ba0f5d727346c5b5-9e518a76af0cb86630328ebe6bbf21c0-sd.mp4,https://vod.mr-gut.cn/a0eb3ab5211671f0a7876732b68e0102/682826f06d2c4484ba0f5d727346c5b5-ce3793d7822b3d5c533fc42b9b7a49f7-hd.mp4
e0310a0b211671f0a1866732b68f0102,2025-壁报视频-20250107160430070089,192.68,"9,066,898",未分类,2025-04-24 22:11:40,2025-04-24 22:12:38,https://vod.mr-gut.cn/e0310a0b211671f0a1866732b68f0102/8ad8c18cc0e243cd9fd0c5f5b731dce5-4ac6f333cbd23a2634042ed67f038faf-fd.mp4,https://vod.mr-gut.cn/e0310a0b211671f0a1866732b68f0102/8ad8c18cc0e243cd9fd0c5f5b731dce5-5ac80fb6efb2f9b84c41a15e4e3993b2-ld.mp4,https://vod.mr-gut.cn/e0310a0b211671f0a1866732b68f0102/8ad8c18cc0e243cd9fd0c5f5b731dce5-72a1480bbf96de2190165f6a10b13861-sd.mp4,https://vod.mr-gut.cn/e0310a0b211671f0a1866732b68f0102/8ad8c18cc0e243cd9fd0c5f5b731dce5-540598b1bf2591d22b31d0122b2deef6-hd.mp4
902464c21e8271f0bfec5017f1e80102,2025-壁报视频-20250224094753090028,291.319,"38,972,600",未分类,2025-04-21 15:32:20,2025-04-21 15:33:24,https://vod.mr-gut.cn/902464c21e8271f0bfec5017f1e80102/13031afd240845ba9b79e75b57baedbe-4135cb1025757322e96f5adfc84f29f7-fd.mp4,https://vod.mr-gut.cn/902464c21e8271f0bfec5017f1e80102/13031afd240845ba9b79e75b57baedbe-e09e746df982ca251c7ed7085bcef495-ld.mp4,https://vod.mr-gut.cn/902464c21e8271f0bfec5017f1e80102/13031afd240845ba9b79e75b57baedbe-9bf295761b2616cf6b8e702e2d10d810-sd.mp4,https://vod.mr-gut.cn/902464c21e8271f0bfec5017f1e80102/13031afd240845ba9b79e75b57baedbe-f881d9951843e89d20ff9e70021a07ff-hd.mp4
703133dc16f071f0a1856732b68f0102,2025-壁报视频-20250121225521014077,114.916,"141,373,712",未分类,2025-04-12 00:20:19,2025-04-12 00:21:14,https://vod.mr-gut.cn/703133dc16f071f0a1856732b68f0102/ceae3003d5c94b31af8efdb3a058cb17-83b45d43985a971a5b6de0e4c9f9212b-fd.mp4,https://vod.mr-gut.cn/703133dc16f071f0a1856732b68f0102/ceae3003d5c94b31af8efdb3a058cb17-e592e8707412e1b4f1b14022595bd286-ld.mp4,https://vod.mr-gut.cn/703133dc16f071f0a1856732b68f0102/ceae3003d5c94b31af8efdb3a058cb17-aed9d38a7774316497c26bfe5d4677bb-sd.mp4,https://vod.mr-gut.cn/703133dc16f071f0a1856732b68f0102/ceae3003d5c94b31af8efdb3a058cb17-66d3bae70c874ae413c6e2b998647ee9-hd.mp4
f0122a5316ea71f094965017f1e90102,2025-壁报视频-20250121225521014077,111.75,"14,702,350",未分类,2025-04-11 23:33:32,2025-04-11 23:33:47,https://vod.mr-gut.cn/f0122a5316ea71f094965017f1e90102/86e2c06f6f2e4173a992ff5598d62ffe-48a04662b9e6792924b1806cfe772535-fd.mp4,https://vod.mr-gut.cn/f0122a5316ea71f094965017f1e90102/86e2c06f6f2e4173a992ff5598d62ffe-45a341140fd08fb73b0d05c4a8caed92-ld.mp4,https://vod.mr-gut.cn/f0122a5316ea71f094965017f1e90102/86e2c06f6f2e4173a992ff5598d62ffe-f42800800342f07f9db1653968d3b7d1-sd.mp4,https://vod.mr-gut.cn/f0122a5316ea71f094965017f1e90102/86e2c06f6f2e4173a992ff5598d62ffe-9d63672b0efec9f0cba10de2de74a58f-hd.mp4
506c3ab813aa71f0803f6732b68f0102,2025-壁报视频-20250225165333063010,303.947,"27,101,484",未分类,2025-04-07 20:20:40,2025-04-07 20:21:30,https://vod.mr-gut.cn/506c3ab813aa71f0803f6732b68f0102/f2e355377fef4d838643c5ad95463c81-f0f925ba33f0587f96cf727ebd0b2562-fd.mp4,https://vod.mr-gut.cn/506c3ab813aa71f0803f6732b68f0102/f2e355377fef4d838643c5ad95463c81-866a5511b1aa002b964c913d0b837388-ld.mp4,https://vod.mr-gut.cn/506c3ab813aa71f0803f6732b68f0102/f2e355377fef4d838643c5ad95463c81-94a54b8910c69d12591da7687e9a745b-sd.mp4,https://vod.mr-gut.cn/506c3ab813aa71f0803f6732b68f0102/f2e355377fef4d838643c5ad95463c81-4aca1927b7747b0719b78e8a0b26892e-hd.mp4
d0a68172137b71f0808e4531859c0102,2025-壁报视频-20250225163227027062,192.2,"20,004,216",未分类,2025-04-07 14:42:17,2025-04-07 14:42:52,https://vod.mr-gut.cn/d0a68172137b71f0808e4531859c0102/8f0b5e30226e4392b32f5bbf962f5cd1-dccf250320f03ef7d48e3c571dcd5160-fd.mp4,https://vod.mr-gut.cn/d0a68172137b71f0808e4531859c0102/8f0b5e30226e4392b32f5bbf962f5cd1-e71468e95734e474dacb305523354ce7-ld.mp4,https://vod.mr-gut.cn/d0a68172137b71f0808e4531859c0102/8f0b5e30226e4392b32f5bbf962f5cd1-3b8326b107e5ca4879adc922835729c5-sd.mp4,https://vod.mr-gut.cn/d0a68172137b71f0808e4531859c0102/8f0b5e30226e4392b32f5bbf962f5cd1-46b850a98d431eda149ca77fa9fea41f-hd.mp4
604c83c3129e71f0bfe35107e0c90102,2025-壁报视频-20241102210718020058,56.098,"9,127,160",未分类,2025-04-06 12:22:34,2025-04-06 12:22:48,https://vod.mr-gut.cn/604c83c3129e71f0bfe35107e0c90102/e708898406fb44cabae4c25d82203126-b18aa5a7e13be62b0f325df8ef050ed4-fd.mp4,https://vod.mr-gut.cn/604c83c3129e71f0bfe35107e0c90102/e708898406fb44cabae4c25d82203126-db3043968ad7fe5f7e2d639bf1ff1402-ld.mp4,https://vod.mr-gut.cn/604c83c3129e71f0bfe35107e0c90102/e708898406fb44cabae4c25d82203126-efaed2c4d4e481845283072f3c600bad-sd.mp4,https://vod.mr-gut.cn/604c83c3129e71f0bfe35107e0c90102/e708898406fb44cabae4c25d82203126-b6bfa232e76e25b90f2859ab2ec4dbc3-hd.mp4
e0ca9648129e71f0bff86723a78f0102,2025-壁报视频-20241102210718020058,56.098,"5,074,718",未分类,2025-04-06 12:19:08,2025-04-06 12:19:35,https://vod.mr-gut.cn/e0ca9648129e71f0bff86723a78f0102/e845bade962242b0bc40cbdf6e7f76b4-b5ef21eda282f1beca8fee226bee63ec-fd.mp4,https://vod.mr-gut.cn/e0ca9648129e71f0bff86723a78f0102/e845bade962242b0bc40cbdf6e7f76b4-7a1a061ee2e45515f417c2ed99352b2c-ld.mp4,https://vod.mr-gut.cn/e0ca9648129e71f0bff86723a78f0102/e845bade962242b0bc40cbdf6e7f76b4-0815b1659f28ef23683a4f7e966572e2-sd.mp4,https://vod.mr-gut.cn/e0ca9648129e71f0bff86723a78f0102/e845bade962242b0bc40cbdf6e7f76b4-f16ce64f40c483370d4023a5c542a0b3-hd.mp4
2072dc9d105571f0bf9b4531948c0102,2025-壁报视频-20241031131804047091,192.2,"20,004,216",未分类,2025-04-03 14:33:55,2025-04-03 14:34:20,https://vod.mr-gut.cn/2072dc9d105571f0bf9b4531948c0102/d7e87795dee54422bce9b43bfbf1d98f-6e2ac29d00ac656c355193255dab0c29-fd.mp4,https://vod.mr-gut.cn/2072dc9d105571f0bf9b4531948c0102/d7e87795dee54422bce9b43bfbf1d98f-1a3a9a002798bf1cfc29f09e6e620979-ld.mp4,https://vod.mr-gut.cn/2072dc9d105571f0bf9b4531948c0102/d7e87795dee54422bce9b43bfbf1d98f-2bfabb986594d78264716cd489533279-sd.mp4,https://vod.mr-gut.cn/2072dc9d105571f0bf9b4531948c0102/d7e87795dee54422bce9b43bfbf1d98f-769075da6af140e528b8cc353481167b-hd.mp4
e01bf7ee105271f0af614531949c0102,2025-壁报视频-20240925155043074083,192.2,"20,004,216",未分类,2025-04-03 14:14:43,2025-04-03 14:15:17,https://vod.mr-gut.cn/e01bf7ee105271f0af614531949c0102/ba0728da86f5430a9256f50b760d08b4-faa8a705eb2f10920903a7ce735b6042-fd.mp4,https://vod.mr-gut.cn/e01bf7ee105271f0af614531949c0102/ba0728da86f5430a9256f50b760d08b4-6f7d883d249c15bd592b7c864fd8ae72-ld.mp4,https://vod.mr-gut.cn/e01bf7ee105271f0af614531949c0102/ba0728da86f5430a9256f50b760d08b4-263d191843f7d3362213f3c97d83b5a0-sd.mp4,https://vod.mr-gut.cn/e01bf7ee105271f0af614531949c0102/ba0728da86f5430a9256f50b760d08b4-6fbb95f2aae49fea5b4b2b65689f74b6-hd.mp4
e001f3a3105271f0bf9b4531948c0102,2025-壁报视频-20240925155043074083,21.27,"5,038,478",未分类,2025-04-03 14:12:37,2025-04-03 14:12:55,https://vod.mr-gut.cn/e001f3a3105271f0bf9b4531948c0102/e049fb54ba9343bcb68261801bca50d6-ec219bb2c269ea6ff532fbd6fb0d3294-fd.mp4,https://vod.mr-gut.cn/e001f3a3105271f0bf9b4531948c0102/e049fb54ba9343bcb68261801bca50d6-7e601b5362953b0dc50249d3a022193a-ld.mp4,https://vod.mr-gut.cn/e001f3a3105271f0bf9b4531948c0102/e049fb54ba9343bcb68261801bca50d6-a7f3f4a9f6c40d3a211133d7e967adc6-sd.mp4,https://vod.mr-gut.cn/e001f3a3105271f0bf9b4531948c0102/e049fb54ba9343bcb68261801bca50d6-16515e18570dc23dec021aa5fa8f8cae-hd.mp4
7035de1d105271f0af614531949c0102,2025-壁报视频-20240925155043074083,192.2,"20,004,216",未分类,2025-04-03 14:08:52,2025-04-03 14:09:23,https://vod.mr-gut.cn/7035de1d105271f0af614531949c0102/8c49898545ed4e6ca7564bb219dd7a03-3b192ba0b5bb880c606a7e35735b5e47-fd.mp4,https://vod.mr-gut.cn/7035de1d105271f0af614531949c0102/8c49898545ed4e6ca7564bb219dd7a03-44171618e81156920fc17dff6bbc176d-ld.mp4,https://vod.mr-gut.cn/7035de1d105271f0af614531949c0102/8c49898545ed4e6ca7564bb219dd7a03-23e774f30fa1df83339a0b17741252e7-sd.mp4,https://vod.mr-gut.cn/7035de1d105271f0af614531949c0102/8c49898545ed4e6ca7564bb219dd7a03-14a33d47f6b7e4ce884ae4d86699338a-hd.mp4
500ec5f8104f71f0800f6723b78e0102,2025-壁报视频-20240925155043074083,21.27,"5,038,478",未分类,2025-04-03 13:53:31,2025-04-03 13:53:39,https://vod.mr-gut.cn/500ec5f8104f71f0800f6723b78e0102/c8799622dcee46de992b9dcc47d49a05-5587dce9076145c3da95ff74df2632f2-fd.mp4,https://vod.mr-gut.cn/500ec5f8104f71f0800f6723b78e0102/c8799622dcee46de992b9dcc47d49a05-4c389581b9813bc3896730663744a4a6-ld.mp4,https://vod.mr-gut.cn/500ec5f8104f71f0800f6723b78e0102/c8799622dcee46de992b9dcc47d49a05-470dddd4ed37d596fd44a2f466f91af4-sd.mp4,https://vod.mr-gut.cn/500ec5f8104f71f0800f6723b78e0102/c8799622dcee46de992b9dcc47d49a05-c90180d404c8cb5ffd854984f51a198e-hd.mp4
c00e6b8d0f9671f0bffe4531959d0102,2025-壁报视频-20250224213326081086,21.27,"5,038,478",未分类,2025-04-02 15:46:14,2025-04-02 15:46:25,https://vod.mr-gut.cn/c00e6b8d0f9671f0bffe4531959d0102/4e395996c2264c4988a44f9da8caa038-4fab59344758b39f07de7ac05d81465a-fd.mp4,https://vod.mr-gut.cn/c00e6b8d0f9671f0bffe4531959d0102/4e395996c2264c4988a44f9da8caa038-364dff9a126046320056c54fa3bf00e3-ld.mp4,https://vod.mr-gut.cn/c00e6b8d0f9671f0bffe4531959d0102/4e395996c2264c4988a44f9da8caa038-67f8cb26248729fd3421c7fdafd7c38c-sd.mp4,https://vod.mr-gut.cn/c00e6b8d0f9671f0bffe4531959d0102/4e395996c2264c4988a44f9da8caa038-68d95704a8cda21ba48d7af9bf3c735e-hd.mp4
f056910a0e1371f0803b4531859c0102,2025-壁报视频-20250220172507066039,77.027,"14,930,215",未分类,2025-03-31 17:32:19,2025-03-31 17:33:04,https://vod.mr-gut.cn/f056910a0e1371f0803b4531859c0102/adc98e363df54eba91f442f4e2fe46ed-57183f16ca6042d369006c22a308e173-fd.mp4,https://vod.mr-gut.cn/f056910a0e1371f0803b4531859c0102/adc98e363df54eba91f442f4e2fe46ed-40249e488bdf4e1036b485d93baafef7-ld.mp4,https://vod.mr-gut.cn/f056910a0e1371f0803b4531859c0102/adc98e363df54eba91f442f4e2fe46ed-310a4d75ecaead3bc722c38a3e240d2d-sd.mp4,https://vod.mr-gut.cn/f056910a0e1371f0803b4531859c0102/adc98e363df54eba91f442f4e2fe46ed-b0dc292c3bd430d4b58f6c31086a33ec-hd.mp4
b0926d20066971f0bfe05017f0e90102,2025-壁报视频-20250225191251034045,282.355,"12,057,339",未分类,2025-03-21 23:28:23,2025-03-21 23:28:58,https://vod.mr-gut.cn/b0926d20066971f0bfe05017f0e90102/ead4316345a847c58a9ca6ab769f4367-cad9fd24c9a1c19a708db9d00bd9061a-fd.mp4,https://vod.mr-gut.cn/b0926d20066971f0bfe05017f0e90102/ead4316345a847c58a9ca6ab769f4367-9d76be27d82d6abd0c6a6779d5797d6a-ld.mp4,https://vod.mr-gut.cn/b0926d20066971f0bfe05017f0e90102/ead4316345a847c58a9ca6ab769f4367-0d36bd2b8a9c0860a2818117ea62accb-sd.mp4,https://vod.mr-gut.cn/b0926d20066971f0bfe05017f0e90102/ead4316345a847c58a9ca6ab769f4367-c56272fa6c54369cff02114b879695da-hd.mp4
205b031f05f771f0a7616732b68e0102,2025-壁报视频-20250128124747022015,121.376,"3,197,329",未分类,2025-03-21 09:52:18,2025-03-21 09:52:42,https://vod.mr-gut.cn/205b031f05f771f0a7616732b68e0102/b376c66d2bc540fe85db1f35cf3636b6-74943b85e888093dc9221aec437dbc4a-fd.mp4,https://vod.mr-gut.cn/205b031f05f771f0a7616732b68e0102/b376c66d2bc540fe85db1f35cf3636b6-a1931c58cff5d7c449e193b64d7069b3-ld.mp4,https://vod.mr-gut.cn/205b031f05f771f0a7616732b68e0102/b376c66d2bc540fe85db1f35cf3636b6-7378e41793f621502b394eba4fee15ec-sd.mp4,https://vod.mr-gut.cn/205b031f05f771f0a7616732b68e0102/b376c66d2bc540fe85db1f35cf3636b6-f779fcd8c35ed78b6b19a35521be43d3-hd.mp4
307c244a056b71f0b6794531858c0102,2025-壁报视频-20250320163759086036,55.04,"6,245,715",未分类,2025-03-20 17:11:21,2025-03-20 17:11:37,https://vod.mr-gut.cn/307c244a056b71f0b6794531858c0102/6d2dba9aa3dd4b8589bdde6b099a372b-557f05b3097ca327e12639e22b688a50-fd.mp4,https://vod.mr-gut.cn/307c244a056b71f0b6794531858c0102/6d2dba9aa3dd4b8589bdde6b099a372b-b9790852e4c06c3419b6f82bbd5e7956-ld.mp4,https://vod.mr-gut.cn/307c244a056b71f0b6794531858c0102/6d2dba9aa3dd4b8589bdde6b099a372b-29fd66f26d68f4f14e0dfdab9d680d18-sd.mp4,https://vod.mr-gut.cn/307c244a056b71f0b6794531858c0102/6d2dba9aa3dd4b8589bdde6b099a372b-70391c5690cf9a92589b1452528cb932-hd.mp4
406a573f056371f0bfe06733a78e0102,2025-壁报视频-20250226162549080076,21.27,"5,038,478",未分类,2025-03-20 16:13:47,2025-03-20 16:14:01,https://vod.mr-gut.cn/406a573f056371f0bfe06733a78e0102/23f7e7094a8a4e05b695dfb31868d055-d4d1680268576cdd3b9a265b9f3dd56e-fd.mp4,https://vod.mr-gut.cn/406a573f056371f0bfe06733a78e0102/23f7e7094a8a4e05b695dfb31868d055-1d2cbf9abc091348c773610c117ce307-ld.mp4,https://vod.mr-gut.cn/406a573f056371f0bfe06733a78e0102/23f7e7094a8a4e05b695dfb31868d055-c5352a6c3a73c9df4accc0d39ed3c4b0-sd.mp4,https://vod.mr-gut.cn/406a573f056371f0bfe06733a78e0102/23f7e7094a8a4e05b695dfb31868d055-f78f0d72be49dea806ee2be1fff3230d-hd.mp4
00c517ec056271f0bfe06733a78e0102,2025-壁报视频-20250226134904004065,20.179,"24,905,904",未分类,2025-03-20 16:11:27,2025-03-20 16:11:56,https://vod.mr-gut.cn/00c517ec056271f0bfe06733a78e0102/227e6bb8be9948afba29315c1fe5c00e-5be0fd1e127a3b657a0d70cbdac8b470-fd.mp4,https://vod.mr-gut.cn/00c517ec056271f0bfe06733a78e0102/227e6bb8be9948afba29315c1fe5c00e-4566ad02ddb1ae319c8e77684c4c1e6a-ld.mp4,https://vod.mr-gut.cn/00c517ec056271f0bfe06733a78e0102/227e6bb8be9948afba29315c1fe5c00e-692c63ad16746acfc21ae3b842c83b50-sd.mp4,https://vod.mr-gut.cn/00c517ec056271f0bfe06733a78e0102/227e6bb8be9948afba29315c1fe5c00e-e9861a6d07e42cad043cd0b6914d830b-hd.mp4
903d24ec056171f0800e5017e1f80102,2025-壁报视频-20250226163158003031,192.2,"20,004,216",未分类,2025-03-20 16:04:18,2025-03-20 16:05:05,https://vod.mr-gut.cn/903d24ec056171f0800e5017e1f80102/edbdca4c7fc74ac59979d17658550230-df2091de0b8093466266294513e27da0-fd.mp4,https://vod.mr-gut.cn/903d24ec056171f0800e5017e1f80102/edbdca4c7fc74ac59979d17658550230-677b97d5831e40b32b2775bd5b21761a-ld.mp4,https://vod.mr-gut.cn/903d24ec056171f0800e5017e1f80102/edbdca4c7fc74ac59979d17658550230-907f3a088db0af02005d37d41c931d72-sd.mp4,https://vod.mr-gut.cn/903d24ec056171f0800e5017e1f80102/edbdca4c7fc74ac59979d17658550230-bb85f3347d6ba1568ac8379b90060133-hd.mp4
400298c7056171f0bfdb5017f0e90102,2025-壁报视频-20250226163158003031,21.27,"5,038,478",未分类,2025-03-20 16:03:16,2025-03-20 16:03:26,https://vod.mr-gut.cn/400298c7056171f0bfdb5017f0e90102/b1f4259046b04154abe71def199deb91-74b02da70ece58451bac5d14370af98a-fd.mp4,https://vod.mr-gut.cn/400298c7056171f0bfdb5017f0e90102/b1f4259046b04154abe71def199deb91-ac35f877011964dd55d896f9cce059cb-ld.mp4,https://vod.mr-gut.cn/400298c7056171f0bfdb5017f0e90102/b1f4259046b04154abe71def199deb91-ec02f972da5029aa575f8993945e6f8d-sd.mp4,https://vod.mr-gut.cn/400298c7056171f0bfdb5017f0e90102/b1f4259046b04154abe71def199deb91-2af91d9f5a1944641d662e71d5ec72c7-hd.mp4
c0f3fbb5056171f0bfc25017f1f80102,2025-壁报视频-20250226163158003031,5.526,"4,210,225",未分类,2025-03-20 16:02:47,2025-03-20 16:02:56,https://vod.mr-gut.cn/c0f3fbb5056171f0bfc25017f1f80102/0bc46c47005240a8bae4c46724bef893-b405202fab00a3696893a24d78afe5e5-fd.mp4,https://vod.mr-gut.cn/c0f3fbb5056171f0bfc25017f1f80102/0bc46c47005240a8bae4c46724bef893-3c31dee85b5d1ecd8df29e093f3ecb5c-ld.mp4,https://vod.mr-gut.cn/c0f3fbb5056171f0bfc25017f1f80102/0bc46c47005240a8bae4c46724bef893-9bfd5bdfb4cdf337c701b0cb987bc6cc-sd.mp4,https://vod.mr-gut.cn/c0f3fbb5056171f0bfc25017f1f80102/0bc46c47005240a8bae4c46724bef893-8d48326c9c4dfc07ac0eeaeea78203a0-hd.mp4
e0f56b60056171f0800e5017e1f80102,2025-壁报视频-20250226163158003031,21.27,"5,038,478",未分类,2025-03-20 16:00:23,2025-03-20 16:01:09,https://vod.mr-gut.cn/e0f56b60056171f0800e5017e1f80102/77c39ce0ea314c99b40ede4f2b408a73-bdbb613acdd3a2d3d34edfff856d39ac-fd.mp4,https://vod.mr-gut.cn/e0f56b60056171f0800e5017e1f80102/77c39ce0ea314c99b40ede4f2b408a73-0e5387af02db8f9d7e08005e5341a0b6-ld.mp4,https://vod.mr-gut.cn/e0f56b60056171f0800e5017e1f80102/77c39ce0ea314c99b40ede4f2b408a73-392f697260d4f8eb4f1b411700bfe490-sd.mp4,https://vod.mr-gut.cn/e0f56b60056171f0800e5017e1f80102/77c39ce0ea314c99b40ede4f2b408a73-66c9e3a7ef49afa0edb0c4acba691b46-hd.mp4
40307a49055c71f0983f4531958c0102,2025-壁报视频-20250106174701045001,192.2,"20,004,216",未分类,2025-03-20 15:23:57,2025-03-20 15:24:41,https://vod.mr-gut.cn/40307a49055c71f0983f4531958c0102/c774d24c48f1497caea128c411e47452-c8e390a31d4bdedf186e0352fec2025c-fd.mp4,https://vod.mr-gut.cn/40307a49055c71f0983f4531958c0102/c774d24c48f1497caea128c411e47452-bdf9c3e23e440ed54cd1b7a377abe502-ld.mp4,https://vod.mr-gut.cn/40307a49055c71f0983f4531958c0102/c774d24c48f1497caea128c411e47452-1b670213e9e00fc04978040a2d9ffa4c-sd.mp4,https://vod.mr-gut.cn/40307a49055c71f0983f4531958c0102/c774d24c48f1497caea128c411e47452-dfa21be4038b92756a2a24ffbebd0768-hd.mp4
f0a13cb3053b71f0bfcf5017f1e90102,2025-壁报视频-20250226161641068095,21.27,"5,038,478",未分类,2025-03-20 11:30:41,2025-03-20 11:33:47,https://vod.mr-gut.cn/f0a13cb3053b71f0bfcf5017f1e90102/0ed40f1e216b48f3b7c303fa437535fc-57ce17615e184839cd97ef19ebb7b134-fd.mp4,https://vod.mr-gut.cn/f0a13cb3053b71f0bfcf5017f1e90102/0ed40f1e216b48f3b7c303fa437535fc-46db3fe19d9487605694dc3ddea8c46d-ld.mp4,https://vod.mr-gut.cn/f0a13cb3053b71f0bfcf5017f1e90102/0ed40f1e216b48f3b7c303fa437535fc-1e0398d45a7b8833d14167c9fa772ae2-sd.mp4,https://vod.mr-gut.cn/f0a13cb3053b71f0bfcf5017f1e90102/0ed40f1e216b48f3b7c303fa437535fc-ac4a78093ec57a8f45d8213fe33b75a7-hd.mp4
e06abcb2053a71f0800a5017e1f80102,2025-壁报视频-20250312102425025023,9.953,"5,797,881",未分类,2025-03-20 11:23:31,2025-03-20 11:25:23,https://vod.mr-gut.cn/e06abcb2053a71f0800a5017e1f80102/6a9d431eafc3435ea2bea911e9b218e1-a1ecc6c1d8edfcc4eeb1f605992ed00a-fd.mp4,https://vod.mr-gut.cn/e06abcb2053a71f0800a5017e1f80102/6a9d431eafc3435ea2bea911e9b218e1-3159ad69b8024429ee5569591c0188d9-ld.mp4,https://vod.mr-gut.cn/e06abcb2053a71f0800a5017e1f80102/6a9d431eafc3435ea2bea911e9b218e1-2b3e917e1af02d0dde16721f6291fb34-sd.mp4,https://vod.mr-gut.cn/e06abcb2053a71f0800a5017e1f80102/6a9d431eafc3435ea2bea911e9b218e1-cb34af1aa0790714c1779c87ce74950f-hd.mp4
c0a0fed3053971f0bfc15017f1e80102,2025-壁报视频-20250226161641068095,0,0,未分类,2025-03-20 11:17:17,2025-03-27 13:56:20, , , , 
8044459d04cb71f0bb5f4531958d0102,2025-壁报视频-20250312102745046082,20.179,"24,905,904",未分类,2025-03-19 22:08:21,2025-03-19 22:08:34,https://vod.mr-gut.cn/8044459d04cb71f0bb5f4531958d0102/287896638c6e4dd5a7c33e3f977d5846-4669f53c4b6441f2aae113112e6120c8-fd.mp4,https://vod.mr-gut.cn/8044459d04cb71f0bb5f4531958d0102/287896638c6e4dd5a7c33e3f977d5846-d4754a33ede185a924fd93065c53b7af-ld.mp4,https://vod.mr-gut.cn/8044459d04cb71f0bb5f4531958d0102/287896638c6e4dd5a7c33e3f977d5846-6bb89b3b6a407a207868e4ae895a6eaf-sd.mp4,https://vod.mr-gut.cn/8044459d04cb71f0bb5f4531958d0102/287896638c6e4dd5a7c33e3f977d5846-6285bc6ed617a4965c900f1cf7b8eeca-hd.mp4
50a8994704cb71f0bf916732b68f0102,2025-壁报视频-20250312102745046082,10.241,"29,444,760",未分类,2025-03-19 22:05:57,2025-03-19 22:06:22,https://vod.mr-gut.cn/50a8994704cb71f0bf916732b68f0102/dc64bc1237e64493bfeeb4eb455b32a4-be77f747d3705ae115077acc01a8d74a-fd.mp4,https://vod.mr-gut.cn/50a8994704cb71f0bf916732b68f0102/dc64bc1237e64493bfeeb4eb455b32a4-0a14fc881fa24a990773719e98e8c95c-ld.mp4,https://vod.mr-gut.cn/50a8994704cb71f0bf916732b68f0102/dc64bc1237e64493bfeeb4eb455b32a4-29854b3cecbe75b3556d33993da02885-sd.mp4,https://vod.mr-gut.cn/50a8994704cb71f0bf916732b68f0102/dc64bc1237e64493bfeeb4eb455b32a4-664f86d92ac6b8b5c620329944c1594b-hd.mp4
20a3719604ca71f0bfdc6733a78e0102,2025-壁报视频-20250312102745046082,20.179,"24,905,904",未分类,2025-03-19 22:01:00,2025-03-19 22:01:16,https://vod.mr-gut.cn/20a3719604ca71f0bfdc6733a78e0102/7f23848601eb4015aa94b3cb02088055-cb7d6c5ceff3888383710482ef98dd91-fd.mp4,https://vod.mr-gut.cn/20a3719604ca71f0bfdc6733a78e0102/7f23848601eb4015aa94b3cb02088055-b9eaf3e2c6144e33558d8ce9c6e2bf24-ld.mp4,https://vod.mr-gut.cn/20a3719604ca71f0bfdc6733a78e0102/7f23848601eb4015aa94b3cb02088055-7ddd0ea51d6b3ebd1948eb261206041e-sd.mp4,https://vod.mr-gut.cn/20a3719604ca71f0bfdc6733a78e0102/7f23848601eb4015aa94b3cb02088055-d9992c695459f7f0267d7946ae6a6ced-hd.mp4
40b1bf2904ac71f0bfdd6732b78e0102,2025-壁报视频-20250106181356066064,0,0,未分类,2025-03-19 18:23:13,2025-03-26 19:23:30, , , , 
50855a9204ab71f0bfc25017f0f80102,2025-壁报视频-20250226134904004065,0,0,未分类,2025-03-19 18:18:59,2025-03-26 19:23:14, , , , 
a0126de704a771f0b7445420848d0102,2025-壁报视频-20250106172227080039,4.57,"779,290",未分类,2025-03-19 17:52:43,2025-03-19 17:53:05,https://vod.mr-gut.cn/a0126de704a771f0b7445420848d0102/bd6d6c49f5c649ce85ba6ff636280ef3-5e5e856301faef93f6c8bd56fd03e6c4-fd.mp4,https://vod.mr-gut.cn/a0126de704a771f0b7445420848d0102/bd6d6c49f5c649ce85ba6ff636280ef3-012731c265e070a75cba4b11d04b95e3-ld.mp4,https://vod.mr-gut.cn/a0126de704a771f0b7445420848d0102/bd6d6c49f5c649ce85ba6ff636280ef3-17a6f36f66a3f33169821c4e92c72122-sd.mp4,https://vod.mr-gut.cn/a0126de704a771f0b7445420848d0102/bd6d6c49f5c649ce85ba6ff636280ef3-ee146ce49531b2d0e6da740e8dfd0799-hd.mp4
601dbbd604a471f0bfbf5017f1e80102,2025-壁报视频-20250312185540071048,933.21,"485,897,408",未分类,2025-03-19 17:30:47,2025-03-19 17:38:45,https://vod.mr-gut.cn/601dbbd604a471f0bfbf5017f1e80102/1dced05b45c340b1a754eec743260de7-4c34de5fce36f20b0dcd3cfa0a1e28a8-fd.mp4,https://vod.mr-gut.cn/601dbbd604a471f0bfbf5017f1e80102/1dced05b45c340b1a754eec743260de7-96cbb5ae5148fa457b995d7e13c45137-ld.mp4,https://vod.mr-gut.cn/601dbbd604a471f0bfbf5017f1e80102/1dced05b45c340b1a754eec743260de7-59ec3df737fbda6fd5842d67b51d61be-sd.mp4,https://vod.mr-gut.cn/601dbbd604a471f0bfbf5017f1e80102/1dced05b45c340b1a754eec743260de7-299dabce5050bc07e58d53772c7ac3d1-hd.mp4
f0b1d4e604a171f0bfd55017f0e90102,2025-壁报视频-20250310141813045024,192.2,"20,004,216",未分类,2025-03-19 17:09:45,2025-03-19 17:10:17,https://vod.mr-gut.cn/f0b1d4e604a171f0bfd55017f0e90102/51a23eb950cc4ab98fe5b272a8f29c36-7b4b33a287094e444c0b2d262d1057c5-fd.mp4,https://vod.mr-gut.cn/f0b1d4e604a171f0bfd55017f0e90102/51a23eb950cc4ab98fe5b272a8f29c36-c483e89aba626eb8faaed7a0a31f6b8f-ld.mp4,https://vod.mr-gut.cn/f0b1d4e604a171f0bfd55017f0e90102/51a23eb950cc4ab98fe5b272a8f29c36-76eddd1a498e5f2a822a1ea6c608ed7a-sd.mp4,https://vod.mr-gut.cn/f0b1d4e604a171f0bfd55017f0e90102/51a23eb950cc4ab98fe5b272a8f29c36-f3a4e1c05d469ebfb9324ec3bc444e04-hd.mp4
609d765b048f71f0ac6d6723b78e0102,2025-壁报视频-20250312185540071048,21.27,"5,038,478",未分类,2025-03-19 14:57:01,2025-03-19 14:57:11,https://vod.mr-gut.cn/609d765b048f71f0ac6d6723b78e0102/7efa6a0c251147078ea0453bbc7a8884-326d84775759631d5611ec572d929a4c-fd.mp4,https://vod.mr-gut.cn/609d765b048f71f0ac6d6723b78e0102/7efa6a0c251147078ea0453bbc7a8884-f1f79212cac806d1538423e08cf14626-ld.mp4,https://vod.mr-gut.cn/609d765b048f71f0ac6d6723b78e0102/7efa6a0c251147078ea0453bbc7a8884-475b86da586fc171db1778d89c515dab-sd.mp4,https://vod.mr-gut.cn/609d765b048f71f0ac6d6723b78e0102/7efa6a0c251147078ea0453bbc7a8884-964c042db678e3982e90c0dcbe242120-hd.mp4
60181df4048e71f0b7435420848d0102,2025-壁报视频-20250312185540071048,46.152,"11,082,532",未分类,2025-03-19 14:54:07,2025-03-19 14:54:23,https://vod.mr-gut.cn/60181df4048e71f0b7435420848d0102/b3bc60d9c9e14622b6a07061983ed1e4-b4c8d771075326af12936a5f6650c561-fd.mp4,https://vod.mr-gut.cn/60181df4048e71f0b7435420848d0102/b3bc60d9c9e14622b6a07061983ed1e4-ef290604a817ec6fc3f2dc93ccbffac7-ld.mp4,https://vod.mr-gut.cn/60181df4048e71f0b7435420848d0102/b3bc60d9c9e14622b6a07061983ed1e4-4875eff7148a6c2873eda1e73c1e0983-sd.mp4,https://vod.mr-gut.cn/60181df4048e71f0b7435420848d0102/b3bc60d9c9e14622b6a07061983ed1e4-73752209aa7f9753cee440e6af06404c-hd.mp4
4071934f046b71f0b66d4531858c0102,2025-壁报视频-20250226134904004065,20.179,"24,905,904",未分类,2025-03-19 10:38:59,2025-03-19 10:39:10,https://vod.mr-gut.cn/4071934f046b71f0b66d4531858c0102/24b6bed5280c4955a73ba53eb5846064-21872429150e6015d3beb263d2c1f7a2-fd.mp4,https://vod.mr-gut.cn/4071934f046b71f0b66d4531858c0102/24b6bed5280c4955a73ba53eb5846064-f615157dd99d0436ae7df135b9ef6ab5-ld.mp4,https://vod.mr-gut.cn/4071934f046b71f0b66d4531858c0102/24b6bed5280c4955a73ba53eb5846064-e42c483537446e5c5046e5a8c03f0dda-sd.mp4,https://vod.mr-gut.cn/4071934f046b71f0b66d4531858c0102/24b6bed5280c4955a73ba53eb5846064-164db3c88c31704c63af4d87e743b84a-hd.mp4
10181417046b71f0ac6d6723b78e0102,2025-壁报视频-20250226134904004065,10.241,"29,444,760",未分类,2025-03-19 10:37:24,2025-03-19 10:37:44,https://vod.mr-gut.cn/10181417046b71f0ac6d6723b78e0102/e7d885f1262c47429964cb8d0f67eb0c-fe6ad2dae73cd331a729059653e6f108-fd.mp4,https://vod.mr-gut.cn/10181417046b71f0ac6d6723b78e0102/e7d885f1262c47429964cb8d0f67eb0c-2d70a1c5c13bac855d1bbcccd3e1e3ab-ld.mp4,https://vod.mr-gut.cn/10181417046b71f0ac6d6723b78e0102/e7d885f1262c47429964cb8d0f67eb0c-6bd2e6a5484daa69e62d54e1b7fac065-sd.mp4,https://vod.mr-gut.cn/10181417046b71f0ac6d6723b78e0102/e7d885f1262c47429964cb8d0f67eb0c-f7586951bca699ae61eddd52787e0308-hd.mp4
e0b08f1303ea71f0ae645017e1f90102,2025-壁报视频-20250312102745046082,10.241,"29,444,760",未分类,2025-03-18 19:13:53,2025-03-18 19:14:31,https://vod.mr-gut.cn/e0b08f1303ea71f0ae645017e1f90102/5643d841682a4e63beefd70dd94629b7-2b11de99df15b1a6acb60de5746d7c8f-fd.mp4,https://vod.mr-gut.cn/e0b08f1303ea71f0ae645017e1f90102/5643d841682a4e63beefd70dd94629b7-59ae683b11cb1a414a4bf223bc178afa-ld.mp4,https://vod.mr-gut.cn/e0b08f1303ea71f0ae645017e1f90102/5643d841682a4e63beefd70dd94629b7-03934a2daa167a2ca62894a7664ae1d8-sd.mp4,https://vod.mr-gut.cn/e0b08f1303ea71f0ae645017e1f90102/5643d841682a4e63beefd70dd94629b7-d0d44b8c693150b7cdfb512ea4403583-hd.mp4
703aa33603e071f0bfba5017f0f80102,2025-壁报视频-20250312102745046082,20.179,"24,905,904",未分类,2025-03-18 18:03:17,2025-03-18 18:03:32,https://vod.mr-gut.cn/703aa33603e071f0bfba5017f0f80102/565d0c8328aa4c58a762571e6caf1eb5-b7db2a4a2b532b801e8a5fb4eccf958e-fd.mp4,https://vod.mr-gut.cn/703aa33603e071f0bfba5017f0f80102/565d0c8328aa4c58a762571e6caf1eb5-d4d185d45c274645c63132a50e0c0ee2-ld.mp4,https://vod.mr-gut.cn/703aa33603e071f0bfba5017f0f80102/565d0c8328aa4c58a762571e6caf1eb5-3102540bbc24f7c1b91f4325b78250f8-sd.mp4,https://vod.mr-gut.cn/703aa33603e071f0bfba5017f0f80102/565d0c8328aa4c58a762571e6caf1eb5-751ed047c4512c2343e0058c289b807c-hd.mp4
806a59c103d771f0bfba5017f0f80102,2025-壁报视频-20250312102745046082,20.179,"24,905,904",未分类,2025-03-18 17:02:44,2025-03-18 17:02:57,https://vod.mr-gut.cn/806a59c103d771f0bfba5017f0f80102/9cfd55156deb4422b1d39f34bf6d477a-f173d70f461cec28b302cc6d3b21d697-fd.mp4,https://vod.mr-gut.cn/806a59c103d771f0bfba5017f0f80102/9cfd55156deb4422b1d39f34bf6d477a-c68e7b27d654c270f609aefa83901b85-ld.mp4,https://vod.mr-gut.cn/806a59c103d771f0bfba5017f0f80102/9cfd55156deb4422b1d39f34bf6d477a-2734db986ec7a201513821943b93c087-sd.mp4,https://vod.mr-gut.cn/806a59c103d771f0bfba5017f0f80102/9cfd55156deb4422b1d39f34bf6d477a-6e15f00ba3162eab510b148054a90a43-hd.mp4
